Sample_ID,Time_ms,Predicted_Value
20000,1.0,0.5699029
20000,3.0,0.59820235
20000,4.0,0.6157932
20000,5.0,0.6234795
20000,6.0,0.6181507
20000,7.0,0.6157149
20000,8.0,0.57935596
20000,10.0,0.47223115
20000,11.0,0.42651865
20000,13.0,0.41070947
20000,14.0,0.4079204
20000,15.0,0.4086483
20000,16.0,0.4212265
20000,17.0,0.4349239
